pas_lineametro,pas_periodo,pas_valor
METRO_CUENCA_5_INTEGRADOS,202009,171376
METRO_LINEA_K,202009,369133
METRO_CUENCA_6,202009,781455
METRO_LINEA_J,202009,241853
METRO_TRANVIA,202009,368299
METRO_LINEA_A,202009,6375070
METRO_CUENCA_3,202009,361261
METRO_LINEA_L,202009,15593
METRO_LINEA_H,202009,37311
METRO_LINEA_B,202009,961590
METRO_CUENCA_7_INTEGRADOS,202009,212524
METRO_LINEA_1_BUSES,202009,962652
METRO_LINEA_2_BUSES,202009,159132
METRO_CUENCA_9_INTEGRADOS,202009,62220
METRO_CUENCA_6,201909,1359263
METRO_CUENCA_3,201909,710590
METRO_LINEA_2_BUSES,201909,334662
METRO_LINEA_B,201909,2333621
METRO_LINEA_H,201909,67926
METRO_CUENCA_9_INTEGRADOS,201909,155447
METRO_LINEA_K,201909,668885
METRO_TRANVIA,201909,883643
METRO_CUENCA_5_INTEGRADOS,201909,522780
METRO_LINEA_L,201909,69477
METRO_LINEA_A,201909,14121137
METRO_LINEA_1_BUSES,201909,2159721
METRO_CUENCA_7_INTEGRADOS,201909,487625
METRO_LINEA_J,201909,432671
METRO_CUENCA_3,201809,645453
METRO_TRANVIA,201809,791818
METRO_LINEA_1_BUSES,201809,2153143
METRO_CUENCA_6,201809,1250405
METRO_LINEA_2_BUSES,201809,344823
METRO_LINEA_L,201809,67901
METRO_LINEA_J,201809,415097
METRO_CUENCA_9_INTEGRADOS,201809,134863
METRO_CUENCA_5_INTEGRADOS,201809,457438
METRO_LINEA_K,201809,656946
METRO_LINEA_H,201809,62611
METRO_LINEA_A,201809,14099240
METRO_LINEA_B,201809,2249250
METRO_CUENCA_7_INTEGRADOS,201809,440925
METRO_TRANVIA,201709,654798
METRO_LINEA_H,201709,60699
METRO_LINEA_J,201709,443323
METRO_LINEA_L,201709,59358
METRO_CUENCA_7_INTEGRADOS,201709,405479
METRO_CUENCA_5_INTEGRADOS,201709,424417
METRO_LINEA_1_BUSES,201709,2113366
METRO_LINEA_A,201709,15403265
METRO_LINEA_K,201709,634354
METRO_LINEA_B,201709,2769498
METRO_LINEA_2_BUSES,201709,334044
METRO_CUENCA_3,201709,629842
METRO_CUENCA_9_INTEGRADOS,201709,127577
METRO_CUENCA_6,201709,1097723
METRO_LINEA_1_BUSES,201609,2049751
METRO_LINEA_L,201609,59968
METRO_LINEA_2_BUSES,201609,345948
METRO_CUENCA_3,201609,592336
METRO_LINEA_J,201609,424451
METRO_CUENCA_6,201609,1109726
METRO_LINEA_A,201609,15426388
METRO_CUENCA_5_INTEGRADOS,201609,0
METRO_LINEA_K,201609,629031
METRO_LINEA_B,201609,2651233
METRO_CUENCA_7_INTEGRADOS,201609,394334
METRO_TRANVIA,201609,419035
METRO_LINEA_H,201609,0
METRO_CUENCA_3,201509,559120
METRO_LINEA_2_BUSES,201509,349343
METRO_LINEA_B,201509,2563185
METRO_LINEA_K,201509,620170
METRO_CUENCA_6,201509,1034346
METRO_LINEA_A,201509,15259578
METRO_LINEA_L,201509,56535
METRO_LINEA_1_BUSES,201509,1978038
METRO_LINEA_J,201509,416523
METRO_LINEA_L,201409,46398
METRO_LINEA_2_BUSES,201409,362362
METRO_LINEA_A,201409,13876280
METRO_CUENCA_6,201409,907280
METRO_CUENCA_3,201409,489630
METRO_LINEA_B,201409,2362408
METRO_LINEA_J,201409,371036
METRO_LINEA_1_BUSES,201409,1852990
METRO_LINEA_K,201409,584510
METRO_LINEA_2_BUSES,201309,150268
METRO_CUENCA_6,201309,0
METRO_LINEA_B,201309,2211821
METRO_LINEA_L,201309,51831
METRO_LINEA_1_BUSES,201309,1401196
METRO_LINEA_J,201309,340583
METRO_LINEA_A,201309,12975914
METRO_LINEA_K,201309,563977
METRO_CUENCA_3,201309,0
METRO_LINEA_K,201209,541430
METRO_LINEA_L,201209,61751
METRO_LINEA_B,201209,2057264
METRO_LINEA_A,201209,11664331
METRO_LINEA_1_BUSES,201209,978363
METRO_LINEA_J,201209,285202
METRO_LINEA_J,201109,257191
METRO_LINEA_K,201109,439345
METRO_LINEA_A,201109,11779626
METRO_LINEA_1_BUSES,201109,0
METRO_LINEA_B,201109,2058446
METRO_LINEA_L,201109,51160
METRO_CUENCA_7_INTEGRADOS,202008,141745
METRO_TRANVIA,202008,254060
METRO_LINEA_L,202008,14
METRO_LINEA_1_BUSES,202008,674007
METRO_LINEA_B,202008,600073
METRO_CUENCA_5_INTEGRADOS,202008,109516
METRO_LINEA_2_BUSES,202008,131344
METRO_CUENCA_6,202008,605718
METRO_LINEA_J,202008,145814
METRO_LINEA_H,202008,24361
METRO_LINEA_A,202008,4059474
METRO_CUENCA_3,202008,274067
METRO_LINEA_K,202008,218986
METRO_CUENCA_9_INTEGRADOS,202008,40713
METRO_CUENCA_7_INTEGRADOS,201908,489179
METRO_LINEA_H,201908,68677
METRO_LINEA_K,201908,692899
METRO_TRANVIA,201908,930999
METRO_CUENCA_5_INTEGRADOS,201908,520970
METRO_LINEA_L,201908,105345
METRO_LINEA_2_BUSES,201908,353465
METRO_CUENCA_3,201908,716443
METRO_LINEA_1_BUSES,201908,2216597
METRO_LINEA_A,201908,14460344
METRO_LINEA_B,201908,2447948
METRO_CUENCA_9_INTEGRADOS,201908,159700
METRO_LINEA_J,201908,450332
METRO_CUENCA_6,201908,1361811
METRO_LINEA_A,201808,15313256
METRO_LINEA_J,201808,426037
METRO_TRANVIA,201808,812621
METRO_CUENCA_9_INTEGRADOS,201808,134286
METRO_LINEA_K,201808,680371
METRO_LINEA_B,201808,2363588
METRO_LINEA_1_BUSES,201808,2215879
METRO_CUENCA_3,201808,663026
METRO_LINEA_H,201808,63135
METRO_CUENCA_7_INTEGRADOS,201808,444232
METRO_LINEA_L,201808,100586
METRO_LINEA_2_BUSES,201808,351291
METRO_CUENCA_6,201808,1250636
METRO_CUENCA_5_INTEGRADOS,201808,466078
METRO_CUENCA_3,201708,650271
METRO_LINEA_K,201708,648320
METRO_LINEA_A,201708,15590911
METRO_TRANVIA,201708,662777
METRO_LINEA_1_BUSES,201708,2169768
METRO_CUENCA_5_INTEGRADOS,201708,426122
METRO_LINEA_J,201708,441147
METRO_CUENCA_6,201708,1107986
METRO_LINEA_2_BUSES,201708,339521
METRO_LINEA_L,201708,92092
METRO_CUENCA_7_INTEGRADOS,201708,408586
METRO_LINEA_B,201708,2822260
METRO_LINEA_H,201708,60882
METRO_CUENCA_9_INTEGRADOS,201708,127627
METRO_CUENCA_3,201608,598073
METRO_LINEA_J,201608,424344
METRO_LINEA_A,201608,15599692
METRO_LINEA_B,201608,2734621
METRO_LINEA_1_BUSES,201608,2102085
METRO_CUENCA_6,201608,1111041
METRO_TRANVIA,201608,480355
METRO_LINEA_K,201608,649181
METRO_CUENCA_7_INTEGRADOS,201608,393626
METRO_LINEA_L,201608,90077
METRO_CUENCA_5_INTEGRADOS,201608,0
METRO_LINEA_H,201608,0
METRO_LINEA_2_BUSES,201608,347482
METRO_LINEA_J,201508,427918
METRO_CUENCA_3,201508,537028
METRO_LINEA_2_BUSES,201508,336823
METRO_LINEA_B,201508,2558939
METRO_LINEA_K,201508,627058
METRO_CUENCA_6,201508,971531
METRO_LINEA_1_BUSES,201508,1952879
METRO_LINEA_A,201508,14873141
METRO_LINEA_L,201508,98380
METRO_CUENCA_3,201408,478733
METRO_LINEA_B,201408,2367297
METRO_LINEA_A,201408,13656347
METRO_LINEA_J,201408,370080
METRO_LINEA_K,201408,605479
METRO_LINEA_L,201408,88000
METRO_LINEA_1_BUSES,201408,1859471
METRO_CUENCA_6,201408,861998
METRO_LINEA_2_BUSES,201408,361626
METRO_LINEA_L,201308,79313
METRO_LINEA_A,201308,13271147
METRO_LINEA_J,201308,343323
METRO_LINEA_K,201308,577013
METRO_LINEA_2_BUSES,201308,143478
METRO_CUENCA_3,201308,0
METRO_CUENCA_6,201308,0
METRO_LINEA_B,201308,2290711
METRO_LINEA_1_BUSES,201308,1427775
METRO_LINEA_K,201208,555756
METRO_LINEA_B,201208,2148709
METRO_LINEA_L,201208,83643
METRO_LINEA_J,201208,286231
METRO_LINEA_1_BUSES,201208,952793
METRO_LINEA_A,201208,12155283
METRO_LINEA_L,201108,82733
METRO_LINEA_J,201108,260463
METRO_LINEA_B,201108,2159626
METRO_LINEA_1_BUSES,201108,0
METRO_LINEA_K,201108,552040
METRO_LINEA_A,201108,12327129
METRO_LINEA_1_BUSES,202007,666520
METRO_CUENCA_5_INTEGRADOS,202007,105899
METRO_CUENCA_7_INTEGRADOS,202007,141060
METRO_CUENCA_9_INTEGRADOS,202007,39287
METRO_CUENCA_6,202007,600152
METRO_TRANVIA,202007,249811
METRO_CUENCA_3,202007,273053
METRO_LINEA_H,202007,24970
METRO_LINEA_B,202007,596913
METRO_LINEA_L,202007,13
METRO_LINEA_A,202007,4025082
METRO_LINEA_J,202007,152077
METRO_LINEA_2_BUSES,202007,127221
METRO_LINEA_K,202007,218720
METRO_LINEA_B,201907,2268596
METRO_LINEA_A,201907,14007725
METRO_LINEA_J,201907,433409
METRO_CUENCA_7_INTEGRADOS,201907,478758
METRO_CUENCA_5_INTEGRADOS,201907,499542
METRO_CUENCA_3,201907,703539
METRO_LINEA_L,201907,97641
METRO_LINEA_2_BUSES,201907,343117
METRO_LINEA_1_BUSES,201907,2105136
METRO_TRANVIA,201907,846734
METRO_LINEA_H,201907,67202
METRO_LINEA_K,201907,681326
METRO_CUENCA_9_INTEGRADOS,201907,149476
METRO_CUENCA_6,201907,1330303
METRO_TRANVIA,201807,712798
METRO_LINEA_J,201807,335819
METRO_CUENCA_5_INTEGRADOS,201807,410755
METRO_LINEA_A,201807,13995720
METRO_LINEA_L,201807,82376
METRO_CUENCA_7_INTEGRADOS,201807,403355
METRO_LINEA_2_BUSES,201807,328116
METRO_LINEA_1_BUSES,201807,2001024
METRO_LINEA_H,201807,51194
METRO_LINEA_B,201807,2099949
METRO_CUENCA_3,201807,613271
METRO_CUENCA_6,201807,1177945
METRO_LINEA_K,201807,491158
METRO_CUENCA_9_INTEGRADOS,201807,118299
METRO_CUENCA_7_INTEGRADOS,201707,375266
METRO_LINEA_H,201707,0
METRO_LINEA_2_BUSES,201707,317948
METRO_LINEA_K,201707,630026
METRO_CUENCA_6,201707,1028059
METRO_CUENCA_5_INTEGRADOS,201707,370419
METRO_LINEA_J,201707,307972
METRO_LINEA_A,201707,14278459
METRO_TRANVIA,201707,581525
METRO_LINEA_B,201707,2593310
METRO_LINEA_1_BUSES,201707,1920054
METRO_CUENCA_9_INTEGRADOS,201707,112818
METRO_LINEA_L,201707,103621
METRO_CUENCA_3,201707,594672
METRO_LINEA_H,201607,0
METRO_CUENCA_7_INTEGRADOS,201607,351112
METRO_LINEA_L,201607,110596
METRO_CUENCA_5_INTEGRADOS,201607,0
METRO_LINEA_B,201607,2479336
METRO_LINEA_K,201607,642948
METRO_LINEA_2_BUSES,201607,316855
METRO_LINEA_A,201607,14333243
METRO_LINEA_1_BUSES,201607,1825935
METRO_CUENCA_3,201607,533254
METRO_LINEA_J,201607,404220
METRO_TRANVIA,201607,375954
METRO_CUENCA_6,201607,1015339
METRO_CUENCA_6,201507,977677
METRO_LINEA_L,201507,8832
METRO_LINEA_2_BUSES,201507,345207
METRO_LINEA_B,201507,2522206
METRO_CUENCA_3,201507,539714
METRO_LINEA_K,201507,161556
METRO_LINEA_J,201507,190039
METRO_LINEA_A,201507,14898532
METRO_LINEA_1_BUSES,201507,1909444
METRO_LINEA_2_BUSES,201407,377232
METRO_CUENCA_3,201407,480761
METRO_CUENCA_6,201407,844952
METRO_LINEA_1_BUSES,201407,1806315
METRO_LINEA_K,201407,611185
METRO_LINEA_A,201407,13596987
METRO_LINEA_B,201407,2297422
METRO_LINEA_L,201407,69405
METRO_LINEA_J,201407,386238
METRO_LINEA_B,201307,2152293
METRO_LINEA_1_BUSES,201307,1351201
METRO_CUENCA_6,201307,0
METRO_LINEA_2_BUSES,201307,102249
METRO_LINEA_L,201307,86406
METRO_LINEA_K,201307,588815
METRO_LINEA_J,201307,326313
METRO_CUENCA_3,201307,0
METRO_LINEA_A,201307,12719495
METRO_LINEA_J,201207,276841
METRO_LINEA_A,201207,11193306
METRO_LINEA_K,201207,545578
METRO_LINEA_1_BUSES,201207,825996
METRO_LINEA_B,201207,1973758
METRO_LINEA_L,201207,89983
METRO_LINEA_A,201107,11200417
METRO_LINEA_J,201107,252894
METRO_LINEA_1_BUSES,201107,0
METRO_LINEA_L,201107,105380
METRO_LINEA_K,201107,544120
METRO_LINEA_B,201107,1953089
METRO_CUENCA_9_INTEGRADOS,202006,44923
METRO_LINEA_J,202006,161293
METRO_CUENCA_7_INTEGRADOS,202006,154478
METRO_TRANVIA,202006,266035
METRO_LINEA_H,202006,25829
METRO_LINEA_B,202006,611205
METRO_LINEA_2_BUSES,202006,136793
METRO_LINEA_1_BUSES,202006,683449
METRO_LINEA_A,202006,4051416
METRO_LINEA_K,202006,225826
METRO_CUENCA_6,202006,600782
METRO_LINEA_L,202006,0
METRO_CUENCA_3,202006,283499
METRO_CUENCA_5_INTEGRADOS,202006,127852
METRO_CUENCA_7_INTEGRADOS,201906,438047
METRO_LINEA_2_BUSES,201906,316446
METRO_CUENCA_6,201906,1293695
METRO_LINEA_B,201906,2042896
METRO_CUENCA_3,201906,606484
METRO_TRANVIA,201906,764567
METRO_LINEA_1_BUSES,201906,1915896
METRO_LINEA_J,201906,407461
METRO_LINEA_H,201906,57404
METRO_CUENCA_9_INTEGRADOS,201906,130079
METRO_LINEA_K,201906,376251
METRO_LINEA_L,201906,75495
METRO_LINEA_A,201906,12881074
METRO_CUENCA_5_INTEGRADOS,201906,433531
METRO_LINEA_K,201806,637178
METRO_LINEA_A,201806,13422736
METRO_LINEA_1_BUSES,201806,1937280
METRO_LINEA_L,201806,101388
METRO_LINEA_J,201806,380210
METRO_CUENCA_5_INTEGRADOS,201806,393387
METRO_LINEA_H,201806,58419
METRO_CUENCA_6,201806,1086920
METRO_LINEA_2_BUSES,201806,318859
METRO_CUENCA_9_INTEGRADOS,201806,114984
METRO_LINEA_B,201806,2026020
METRO_CUENCA_7_INTEGRADOS,201806,387588
METRO_TRANVIA,201806,677513
METRO_CUENCA_3,201806,576915
METRO_LINEA_J,201706,409670
METRO_CUENCA_6,201706,1006398
METRO_TRANVIA,201706,550894
METRO_CUENCA_5_INTEGRADOS,201706,368403
METRO_CUENCA_3,201706,553843
METRO_CUENCA_7_INTEGRADOS,201706,369761
METRO_LINEA_A,201706,14026337
METRO_LINEA_1_BUSES,201706,1864499
METRO_CUENCA_9_INTEGRADOS,201706,113814
METRO_LINEA_B,201706,2473849
METRO_LINEA_K,201706,394217
METRO_LINEA_H,201706,54393
METRO_LINEA_2_BUSES,201706,312754
METRO_LINEA_L,201706,59560
METRO_LINEA_B,201606,2490730
METRO_LINEA_H,201606,0
METRO_LINEA_L,201606,88120
METRO_LINEA_A,201606,14478151
METRO_LINEA_2_BUSES,201606,320279
METRO_LINEA_1_BUSES,201606,1822202
METRO_CUENCA_3,201606,516141
METRO_CUENCA_5_INTEGRADOS,201606,0
METRO_CUENCA_7_INTEGRADOS,201606,361047
METRO_LINEA_K,201606,519581
METRO_CUENCA_6,201606,1032966
METRO_TRANVIA,201606,335764
METRO_LINEA_J,201606,263108
METRO_LINEA_1_BUSES,201506,1728481
METRO_LINEA_2_BUSES,201506,309790
METRO_LINEA_J,201506,388261
METRO_LINEA_K,201506,607976
METRO_LINEA_L,201506,92863
METRO_CUENCA_3,201506,462444
METRO_LINEA_A,201506,13705567
METRO_LINEA_B,201506,2263646
METRO_CUENCA_6,201506,857703
METRO_LINEA_J,201406,317707
METRO_LINEA_A,201406,12029612
METRO_CUENCA_3,201406,405643
METRO_LINEA_B,201406,2026689
METRO_LINEA_2_BUSES,201406,328028
METRO_LINEA_1_BUSES,201406,1600370
METRO_LINEA_L,201406,70783
METRO_LINEA_K,201406,477690
METRO_CUENCA_6,201406,736928
METRO_LINEA_A,201306,11793653
METRO_CUENCA_3,201306,0
METRO_LINEA_2_BUSES,201306,118600
METRO_LINEA_K,201306,561938
METRO_CUENCA_6,201306,0
METRO_LINEA_J,201306,307580
METRO_LINEA_1_BUSES,201306,1217463
METRO_LINEA_B,201306,1990734
METRO_LINEA_L,201306,98370
METRO_LINEA_B,201206,1896190
METRO_LINEA_L,201206,100702
METRO_LINEA_A,201206,11085433
METRO_LINEA_J,201206,263926
METRO_LINEA_K,201206,534817
METRO_LINEA_1_BUSES,201206,782014
METRO_LINEA_1_BUSES,201106,0
METRO_LINEA_J,201106,239021
METRO_LINEA_B,201106,1901605
METRO_LINEA_A,201106,10889341
METRO_LINEA_K,201106,531382
METRO_LINEA_L,201106,114284
METRO_LINEA_J,202005,132311
METRO_LINEA_A,202005,3095025
METRO_CUENCA_9_INTEGRADOS,202005,30061
METRO_LINEA_2_BUSES,202005,97300
METRO_CUENCA_5_INTEGRADOS,202005,66092
METRO_TRANVIA,202005,194301
METRO_LINEA_B,202005,441338
METRO_CUENCA_6,202005,489910
METRO_CUENCA_3,202005,222174
METRO_CUENCA_7_INTEGRADOS,202005,103007
METRO_LINEA_H,202005,19800
METRO_LINEA_1_BUSES,202005,541983
METRO_LINEA_L,202005,1
METRO_LINEA_K,202005,182595
METRO_LINEA_K,201905,680494
METRO_CUENCA_9_INTEGRADOS,201905,153124
METRO_CUENCA_6,201905,1357964
METRO_LINEA_L,201905,61040
METRO_CUENCA_3,201905,708986
METRO_LINEA_1_BUSES,201905,2174077
METRO_LINEA_B,201905,2313919
METRO_CUENCA_5_INTEGRADOS,201905,518730
METRO_CUENCA_7_INTEGRADOS,201905,489583
METRO_TRANVIA,201905,866239
METRO_LINEA_H,201905,67131
METRO_LINEA_A,201905,13980101
METRO_LINEA_2_BUSES,201905,356627
METRO_LINEA_J,201905,424629
METRO_LINEA_J,201805,413945
METRO_LINEA_A,201805,14200846
METRO_LINEA_2_BUSES,201805,345774
METRO_LINEA_H,201805,60034
METRO_LINEA_L,201805,60911
METRO_LINEA_B,201805,2262275
METRO_LINEA_K,201805,626916
METRO_TRANVIA,201805,740367
METRO_CUENCA_3,201805,650703
METRO_LINEA_1_BUSES,201805,2185949
METRO_CUENCA_9_INTEGRADOS,201805,131307
METRO_CUENCA_7_INTEGRADOS,201805,410423
METRO_CUENCA_5_INTEGRADOS,201805,437453
METRO_CUENCA_6,201805,1172990
METRO_CUENCA_7_INTEGRADOS,201705,401992
METRO_LINEA_L,201705,64428
METRO_LINEA_A,201705,15019385
METRO_CUENCA_5_INTEGRADOS,201705,412375
METRO_CUENCA_3,201705,603701
METRO_LINEA_2_BUSES,201705,328704
METRO_CUENCA_9_INTEGRADOS,201705,126624
METRO_LINEA_J,201705,443882
METRO_LINEA_K,201705,634131
METRO_CUENCA_6,201705,1049286
METRO_LINEA_H,201705,55940
METRO_TRANVIA,201705,586741
METRO_LINEA_1_BUSES,201705,2076335
METRO_LINEA_B,201705,2691378
METRO_CUENCA_6,201605,1054035
METRO_TRANVIA,201605,318439
METRO_CUENCA_5_INTEGRADOS,201605,0
METRO_LINEA_K,201605,553311
METRO_LINEA_H,201605,0
METRO_CUENCA_3,201605,546524
METRO_LINEA_J,201605,409190
METRO_LINEA_2_BUSES,201605,327785
METRO_CUENCA_7_INTEGRADOS,201605,374641
METRO_LINEA_B,201605,2556056
METRO_LINEA_A,201605,14727180
METRO_LINEA_1_BUSES,201605,1933563
METRO_LINEA_L,201605,60007
METRO_LINEA_2_BUSES,201505,331802
METRO_CUENCA_3,201505,484266
METRO_LINEA_1_BUSES,201505,1879227
METRO_CUENCA_6,201505,916787
METRO_LINEA_J,201505,394017
METRO_LINEA_A,201505,14201302
METRO_LINEA_L,201505,71681
METRO_LINEA_K,201505,607246
METRO_LINEA_B,201505,2435841
METRO_LINEA_K,201405,587954
METRO_LINEA_B,201405,2308809
METRO_LINEA_1_BUSES,201405,1843662
METRO_CUENCA_3,201405,464532
METRO_LINEA_A,201405,13301809
METRO_LINEA_L,201405,48108
METRO_CUENCA_6,201405,824404
METRO_LINEA_2_BUSES,201405,376770
METRO_LINEA_J,201405,375397
METRO_CUENCA_3,201305,0
METRO_LINEA_2_BUSES,201305,112898
METRO_LINEA_J,201305,312079
METRO_CUENCA_6,201305,0
METRO_LINEA_K,201305,549039
METRO_LINEA_1_BUSES,201305,1324964
METRO_LINEA_A,201305,12438537
METRO_LINEA_L,201305,54575
METRO_LINEA_B,201305,2148391
METRO_LINEA_L,201205,57399
METRO_LINEA_J,201205,185870
METRO_LINEA_A,201205,11575305
METRO_LINEA_K,201205,520852
METRO_LINEA_B,201205,2064861
METRO_LINEA_1_BUSES,201205,835772
METRO_LINEA_K,201105,525054
METRO_LINEA_B,201105,2037374
METRO_LINEA_J,201105,240581
METRO_LINEA_1_BUSES,201105,0
METRO_LINEA_A,201105,11610943
METRO_LINEA_L,201105,62068
METRO_CUENCA_3,202004,137897
METRO_LINEA_J,202004,87496
METRO_CUENCA_6,202004,301966
METRO_LINEA_B,202004,280688
METRO_LINEA_L,202004,0
METRO_CUENCA_5_INTEGRADOS,202004,20851
METRO_CUENCA_9_INTEGRADOS,202004,16134
METRO_LINEA_H,202004,12798
METRO_LINEA_2_BUSES,202004,61572
METRO_CUENCA_7_INTEGRADOS,202004,57252
METRO_LINEA_A,202004,1971885
METRO_LINEA_1_BUSES,202004,364737
METRO_LINEA_K,202004,136355
METRO_TRANVIA,202004,137870
METRO_LINEA_H,201904,61057
METRO_LINEA_J,201904,317949
METRO_LINEA_1_BUSES,201904,1995039
METRO_CUENCA_3,201904,655953
METRO_LINEA_2_BUSES,201904,332838
METRO_CUENCA_7_INTEGRADOS,201904,440079
METRO_CUENCA_6,201904,1222669
METRO_LINEA_A,201904,12871922
METRO_LINEA_K,201904,637730
METRO_LINEA_L,201904,77241
METRO_CUENCA_9_INTEGRADOS,201904,138306
METRO_TRANVIA,201904,800858
METRO_LINEA_B,201904,2141433
METRO_CUENCA_5_INTEGRADOS,201904,465206
METRO_CUENCA_5_INTEGRADOS,201804,439296
METRO_LINEA_H,201804,60478
METRO_CUENCA_3,201804,646902
METRO_CUENCA_6,201804,1109478
METRO_CUENCA_9_INTEGRADOS,201804,131685
METRO_LINEA_J,201804,436965
METRO_LINEA_2_BUSES,201804,336914
METRO_LINEA_K,201804,627610
METRO_LINEA_A,201804,14721662
METRO_TRANVIA,201804,721761
METRO_LINEA_1_BUSES,201804,2138519
METRO_LINEA_B,201804,2471310
METRO_LINEA_L,201804,62698
METRO_CUENCA_7_INTEGRADOS,201804,415014
METRO_LINEA_2_BUSES,201704,308637
METRO_LINEA_B,201704,2438616
METRO_LINEA_1_BUSES,201704,1890173
METRO_TRANVIA,201704,538026
METRO_LINEA_L,201704,88273
METRO_CUENCA_3,201704,547506
METRO_LINEA_J,201704,402992
METRO_LINEA_K,201704,603523
METRO_LINEA_H,201704,50716
METRO_CUENCA_7_INTEGRADOS,201704,359731
METRO_CUENCA_9_INTEGRADOS,201704,115016
METRO_CUENCA_6,201704,956458
METRO_LINEA_A,201704,13629656
METRO_CUENCA_5_INTEGRADOS,201704,361635
METRO_LINEA_K,201604,576172
METRO_LINEA_B,201604,2443754
METRO_TRANVIA,201604,260741
METRO_LINEA_H,201604,0
METRO_CUENCA_6,201604,1096954
METRO_LINEA_L,201604,57117
METRO_CUENCA_7_INTEGRADOS,201604,368374
METRO_LINEA_J,201604,388801
METRO_LINEA_2_BUSES,201604,342476
METRO_LINEA_1_BUSES,201604,2057234
METRO_LINEA_A,201604,14053004
METRO_CUENCA_3,201604,554154
METRO_CUENCA_5_INTEGRADOS,201604,0
METRO_LINEA_2_BUSES,201504,332086
METRO_LINEA_K,201504,580095
METRO_LINEA_L,201504,63286
METRO_CUENCA_3,201504,471303
METRO_CUENCA_6,201504,885061
METRO_LINEA_J,201504,371154
METRO_LINEA_1_BUSES,201504,1816887
METRO_LINEA_A,201504,13848320
METRO_LINEA_B,201504,2379834
METRO_CUENCA_3,201404,434928
METRO_LINEA_1_BUSES,201404,1689960
METRO_LINEA_2_BUSES,201404,349969
METRO_CUENCA_6,201404,763922
METRO_LINEA_K,201404,564910
METRO_LINEA_B,201404,2136594
METRO_LINEA_J,201404,353396
METRO_LINEA_A,201404,12189994
METRO_LINEA_L,201404,74616
METRO_LINEA_K,201304,347071
METRO_LINEA_1_BUSES,201304,1214188
METRO_LINEA_A,201304,12444683
METRO_LINEA_L,201304,31956
METRO_LINEA_J,201304,301541
METRO_CUENCA_3,201304,0
METRO_LINEA_B,201304,2125663
METRO_CUENCA_6,201304,0
METRO_LINEA_2_BUSES,201304,18878
METRO_LINEA_J,201204,189889
METRO_LINEA_B,201204,1855716
METRO_LINEA_A,201204,10463017
METRO_LINEA_L,201204,57841
METRO_LINEA_1_BUSES,201204,730833
METRO_LINEA_K,201204,301056
METRO_LINEA_J,201104,156812
METRO_LINEA_A,201104,10556834
METRO_LINEA_K,201104,293890
METRO_LINEA_L,201104,58525
METRO_LINEA_1_BUSES,201104,0
METRO_LINEA_B,201104,1838067
METRO_LINEA_1_BUSES,202003,1468911
METRO_LINEA_J,202003,309539
METRO_CUENCA_3,202003,501127
METRO_LINEA_2_BUSES,202003,232316
METRO_CUENCA_7_INTEGRADOS,202003,311253
METRO_TRANVIA,202003,591925
METRO_LINEA_H,202003,49381
METRO_LINEA_B,202003,1452835
METRO_LINEA_L,202003,27637
METRO_CUENCA_9_INTEGRADOS,202003,88217
METRO_CUENCA_6,202003,967372
METRO_LINEA_A,202003,9175430
METRO_LINEA_K,202003,463827
METRO_CUENCA_5_INTEGRADOS,202003,296370
METRO_CUENCA_7_INTEGRADOS,201903,475901
METRO_TRANVIA,201903,879642
METRO_LINEA_H,201903,66372
METRO_LINEA_J,201903,435791
METRO_LINEA_A,201903,13932274
METRO_LINEA_L,201903,78614
METRO_LINEA_2_BUSES,201903,361928
METRO_CUENCA_6,201903,1307247
METRO_CUENCA_5_INTEGRADOS,201903,520615
METRO_CUENCA_3,201903,730587
METRO_LINEA_B,201903,2349728
METRO_LINEA_1_BUSES,201903,2213755
METRO_CUENCA_9_INTEGRADOS,201903,153693
METRO_LINEA_K,201903,678132
METRO_CUENCA_5_INTEGRADOS,201803,403962
METRO_CUENCA_9_INTEGRADOS,201803,122185
METRO_LINEA_1_BUSES,201803,2081501
METRO_CUENCA_3,201803,627069
METRO_CUENCA_7_INTEGRADOS,201803,395625
METRO_LINEA_K,201803,642933
METRO_CUENCA_6,201803,1075525
METRO_LINEA_B,201803,2357619
METRO_TRANVIA,201803,702173
METRO_LINEA_2_BUSES,201803,330756
METRO_LINEA_L,201803,102878
METRO_LINEA_H,201803,60052
METRO_LINEA_J,201803,433843
METRO_LINEA_A,201803,14136660
METRO_LINEA_L,201703,64399
METRO_CUENCA_9_INTEGRADOS,201703,135997
METRO_LINEA_K,201703,644832
METRO_LINEA_B,201703,2789789
METRO_LINEA_J,201703,438403
METRO_LINEA_1_BUSES,201703,2206436
METRO_LINEA_A,201703,15612156
METRO_CUENCA_7_INTEGRADOS,201703,421567
METRO_CUENCA_5_INTEGRADOS,201703,443032
METRO_TRANVIA,201703,585961
METRO_CUENCA_3,201703,628027
METRO_LINEA_H,201703,55608
METRO_LINEA_2_BUSES,201703,364736
METRO_CUENCA_6,201703,1086153
METRO_LINEA_K,201603,612385
METRO_CUENCA_6,201603,1005938
METRO_TRANVIA,201603,8829
METRO_LINEA_1_BUSES,201603,1865614
METRO_LINEA_A,201603,14118124
METRO_LINEA_B,201603,2439102
METRO_LINEA_L,201603,93681
METRO_CUENCA_3,201603,530246
METRO_LINEA_J,201603,390073
METRO_CUENCA_7_INTEGRADOS,201603,362126
METRO_CUENCA_5_INTEGRADOS,201603,0
METRO_LINEA_H,201603,0
METRO_LINEA_2_BUSES,201603,325237
METRO_CUENCA_3,201503,489773
METRO_LINEA_J,201503,386881
METRO_LINEA_K,201503,611305
METRO_LINEA_B,201503,2441014
METRO_LINEA_L,201503,65005
METRO_LINEA_A,201503,14252048
METRO_LINEA_2_BUSES,201503,356399
METRO_LINEA_1_BUSES,201503,1878140
METRO_CUENCA_6,201503,916217
METRO_LINEA_L,201403,56803
METRO_LINEA_J,201403,378298
METRO_LINEA_K,201403,595987
METRO_LINEA_2_BUSES,201403,397760
METRO_CUENCA_3,201403,479384
METRO_LINEA_1_BUSES,201403,1841105
METRO_LINEA_A,201403,12141808
METRO_CUENCA_6,201403,777221
METRO_LINEA_B,201403,2264728
METRO_LINEA_L,201303,82736
METRO_LINEA_1_BUSES,201303,1042564
METRO_LINEA_J,201303,218378
METRO_LINEA_B,201303,1968200
METRO_CUENCA_6,201303,0
METRO_CUENCA_3,201303,0
METRO_LINEA_2_BUSES,201303,0
METRO_LINEA_A,201303,11365510
METRO_LINEA_K,201303,535199
METRO_LINEA_B,201203,2074265
METRO_LINEA_K,201203,545087
METRO_LINEA_1_BUSES,201203,769733
METRO_LINEA_J,201203,262493
METRO_LINEA_A,201203,11644122
METRO_LINEA_L,201203,64395
METRO_LINEA_L,201103,57662
METRO_LINEA_A,201103,11617733
METRO_LINEA_K,201103,455580
METRO_LINEA_B,201103,2025996
METRO_LINEA_1_BUSES,201103,0
METRO_LINEA_J,201103,241408
METRO_LINEA_J,202002,428657
METRO_TRANVIA,202002,867501
METRO_CUENCA_5_INTEGRADOS,202002,451067
METRO_CUENCA_3,202002,677307
METRO_CUENCA_9_INTEGRADOS,202002,135576
METRO_LINEA_H,202002,66874
METRO_LINEA_2_BUSES,202002,329524
METRO_LINEA_K,202002,661595
METRO_LINEA_1_BUSES,202002,2087168
METRO_LINEA_L,202002,61772
METRO_CUENCA_7_INTEGRADOS,202002,457476
METRO_LINEA_B,202002,2252199
METRO_CUENCA_6,202002,1291410
METRO_LINEA_A,202002,13674939
METRO_LINEA_2_BUSES,201902,330118
METRO_LINEA_J,201902,391772
METRO_CUENCA_7_INTEGRADOS,201902,432538
METRO_CUENCA_3,201902,655442
METRO_LINEA_B,201902,2172629
METRO_TRANVIA,201902,774314
METRO_LINEA_L,201902,68224
METRO_CUENCA_9_INTEGRADOS,201902,140711
METRO_CUENCA_5_INTEGRADOS,201902,469413
METRO_LINEA_H,201902,60464
METRO_LINEA_K,201902,612649
METRO_CUENCA_6,201902,1191929
METRO_LINEA_1_BUSES,201902,2028906
METRO_LINEA_A,201902,12778251
METRO_LINEA_H,201802,55351
METRO_LINEA_J,201802,416493
METRO_CUENCA_3,201802,608434
METRO_LINEA_B,201802,2328886
METRO_CUENCA_5_INTEGRADOS,201802,392098
METRO_CUENCA_9_INTEGRADOS,201802,121186
METRO_LINEA_A,201802,13676859
METRO_LINEA_L,201802,67335
METRO_LINEA_K,201802,603168
METRO_TRANVIA,201802,676413
METRO_CUENCA_6,201802,1024141
METRO_LINEA_2_BUSES,201802,326004
METRO_CUENCA_7_INTEGRADOS,201802,404533
METRO_LINEA_1_BUSES,201802,2054638
METRO_CUENCA_7_INTEGRADOS,201702,374338
METRO_TRANVIA,201702,512615
METRO_CUENCA_6,201702,971089
METRO_LINEA_A,201702,14024137
METRO_LINEA_2_BUSES,201702,330672
METRO_LINEA_1_BUSES,201702,1986739
METRO_LINEA_H,201702,48114
METRO_CUENCA_5_INTEGRADOS,201702,392490
METRO_LINEA_L,201702,69299
METRO_CUENCA_9_INTEGRADOS,201702,3626
METRO_LINEA_K,201702,596335
METRO_LINEA_B,201702,2471705
METRO_CUENCA_3,201702,556025
METRO_LINEA_J,201702,395913
METRO_LINEA_H,201602,0
METRO_LINEA_2_BUSES,201602,334647
METRO_LINEA_A,201602,14322955
METRO_LINEA_L,201602,63534
METRO_CUENCA_5_INTEGRADOS,201602,0
METRO_LINEA_K,201602,589059
METRO_CUENCA_3,201602,537662
METRO_CUENCA_7_INTEGRADOS,201602,361938
METRO_CUENCA_6,201602,1010469
METRO_TRANVIA,201602,0
METRO_LINEA_1_BUSES,201602,1921758
METRO_LINEA_J,201602,391716
METRO_LINEA_B,201602,2471380
METRO_LINEA_B,201502,2270327
METRO_LINEA_2_BUSES,201502,338705
METRO_LINEA_J,201502,357187
METRO_LINEA_K,201502,560164
METRO_LINEA_L,201502,50941
METRO_LINEA_1_BUSES,201502,1789746
METRO_LINEA_A,201502,13274427
METRO_CUENCA_6,201502,859296
METRO_CUENCA_3,201502,459497
METRO_CUENCA_6,201402,603484
METRO_CUENCA_3,201402,432021
METRO_LINEA_A,201402,12101453
METRO_LINEA_J,201402,341398
METRO_LINEA_2_BUSES,201402,333310
METRO_LINEA_L,201402,50337
METRO_LINEA_1_BUSES,201402,1697048
METRO_LINEA_B,201402,2118215
METRO_LINEA_K,201402,538230
METRO_LINEA_A,201302,11293626
METRO_LINEA_L,201302,42954
METRO_LINEA_K,201302,498808
METRO_CUENCA_6,201302,0
METRO_LINEA_J,201302,278007
METRO_LINEA_B,201302,1941982
METRO_LINEA_1_BUSES,201302,1038173
METRO_CUENCA_3,201302,0
METRO_LINEA_2_BUSES,201302,0
METRO_LINEA_B,201202,1965248
METRO_LINEA_J,201202,263135
METRO_LINEA_A,201202,11036302
METRO_LINEA_1_BUSES,201202,693971
METRO_LINEA_K,201202,516502
METRO_LINEA_L,201202,63052
METRO_LINEA_B,201102,1819092
METRO_LINEA_K,201102,487609
METRO_LINEA_1_BUSES,201102,0
METRO_LINEA_L,201102,64910
METRO_LINEA_J,201102,220832
METRO_LINEA_A,201102,10412839
METRO_LINEA_A,202012,12693379
METRO_LINEA_1_BUSES,201912,2050861
METRO_CUENCA_6,201912,1240724
METRO_TRANVIA,201912,848225
METRO_LINEA_2_BUSES,201912,317080
METRO_LINEA_A,201912,15279189
METRO_LINEA_K,201912,770786
METRO_CUENCA_7_INTEGRADOS,201912,468957
METRO_CUENCA_9_INTEGRADOS,201912,140703
METRO_LINEA_J,201912,470211
METRO_CUENCA_5_INTEGRADOS,201912,450564
METRO_LINEA_B,201912,2242171
METRO_LINEA_L,201912,114433
METRO_CUENCA_3,201912,654130
METRO_LINEA_H,201912,71561
METRO_CUENCA_3,201812,579800
METRO_LINEA_L,201812,115419
METRO_LINEA_H,201812,65529
METRO_CUENCA_6,201812,1127420
METRO_LINEA_2_BUSES,201812,328408
METRO_LINEA_A,201812,14210329
METRO_CUENCA_9_INTEGRADOS,201812,128428
METRO_LINEA_1_BUSES,201812,1987039
METRO_LINEA_B,201812,2150654
METRO_CUENCA_5_INTEGRADOS,201812,400910
METRO_TRANVIA,201812,771696
METRO_LINEA_J,201812,427233
METRO_CUENCA_7_INTEGRADOS,201812,420576
METRO_LINEA_K,201812,713998
METRO_TRANVIA,201712,695828
METRO_CUENCA_5_INTEGRADOS,201712,358781
METRO_LINEA_H,201712,63793
METRO_CUENCA_3,201712,570515
METRO_LINEA_2_BUSES,201712,321518
METRO_CUENCA_9_INTEGRADOS,201712,113086
METRO_LINEA_B,201712,2474290
METRO_CUENCA_6,201712,954275
METRO_LINEA_1_BUSES,201712,1938156
METRO_LINEA_J,201712,442552
METRO_LINEA_L,201712,117470
METRO_LINEA_A,201712,15265404
METRO_CUENCA_7_INTEGRADOS,201712,375026
METRO_LINEA_K,201712,709528
METRO_LINEA_2_BUSES,201612,335095
METRO_CUENCA_7_INTEGRADOS,201612,364853
METRO_LINEA_L,201612,114172
METRO_LINEA_J,201612,446320
METRO_TRANVIA,201612,514277
METRO_CUENCA_5_INTEGRADOS,201612,24687
METRO_CUENCA_3,201612,540908
METRO_LINEA_K,201612,698888
METRO_CUENCA_6,201612,983874
METRO_LINEA_1_BUSES,201612,1929735
METRO_LINEA_B,201612,2535013
METRO_LINEA_A,201612,15993181
METRO_LINEA_H,201612,19264
METRO_LINEA_J,201512,355107
METRO_LINEA_1_BUSES,201512,1822264
METRO_CUENCA_3,201512,493007
METRO_CUENCA_6,201512,938575
METRO_LINEA_B,201512,2456015
METRO_LINEA_A,201512,15551802
METRO_LINEA_K,201512,683135
METRO_LINEA_L,201512,120637
METRO_LINEA_2_BUSES,201512,330811
METRO_LINEA_J,201412,398255
METRO_CUENCA_3,201412,447203
METRO_LINEA_L,201412,94022
METRO_LINEA_A,201412,14515230
METRO_LINEA_K,201412,654265
METRO_CUENCA_6,201412,821398
METRO_LINEA_1_BUSES,201412,1752707
METRO_LINEA_2_BUSES,201412,342936
METRO_LINEA_B,201412,2322375
METRO_CUENCA_3,201312,168976
METRO_LINEA_1_BUSES,201312,1406731
METRO_LINEA_L,201312,84273
METRO_LINEA_A,201312,13763172
METRO_LINEA_B,201312,2203075
METRO_LINEA_K,201312,655997
METRO_LINEA_2_BUSES,201312,194409
METRO_LINEA_J,201312,381337
METRO_CUENCA_6,201312,115126
METRO_LINEA_L,201212,97437
METRO_LINEA_B,201212,2046501
METRO_LINEA_A,201212,12508440
METRO_LINEA_J,201212,314662
METRO_LINEA_K,201212,603826
METRO_LINEA_1_BUSES,201212,966684
METRO_LINEA_A,201112,12699496
METRO_LINEA_K,201112,617214
METRO_LINEA_J,201112,281159
METRO_LINEA_B,201112,2044723
METRO_LINEA_L,201112,98438
METRO_LINEA_1_BUSES,201112,146265
METRO_LINEA_B,202011,1167420
METRO_LINEA_L,202011,21461
METRO_LINEA_1_BUSES,202011,1139555
METRO_TRANVIA,202011,468391
METRO_LINEA_K,202011,207398
METRO_CUENCA_5_INTEGRADOS,202011,242035
METRO_CUENCA_3,202011,403071
METRO_CUENCA_7_INTEGRADOS,202011,272827
METRO_LINEA_A,202011,7778785
METRO_LINEA_H,202011,40347
METRO_LINEA_2_BUSES,202011,176634
METRO_CUENCA_6,202011,941327
METRO_LINEA_J,202011,195819
METRO_CUENCA_9_INTEGRADOS,202011,83899
METRO_CUENCA_7_INTEGRADOS,201911,476637
METRO_LINEA_1_BUSES,201911,2037698
METRO_CUENCA_9_INTEGRADOS,201911,147760
METRO_LINEA_H,201911,65691
METRO_LINEA_A,201911,14149823
METRO_LINEA_K,201911,613001
METRO_CUENCA_6,201911,1326998
METRO_CUENCA_5_INTEGRADOS,201911,484235
METRO_LINEA_J,201911,428925
METRO_CUENCA_3,201911,677057
METRO_LINEA_L,201911,63968
METRO_TRANVIA,201911,831007
METRO_LINEA_2_BUSES,201911,308540
METRO_LINEA_B,201911,2249703
METRO_CUENCA_7_INTEGRADOS,201811,440482
METRO_LINEA_A,201811,13431128
METRO_CUENCA_5_INTEGRADOS,201811,451328
METRO_LINEA_H,201811,60908
METRO_LINEA_L,201811,69625
METRO_LINEA_1_BUSES,201811,2074972
METRO_LINEA_2_BUSES,201811,328937
METRO_TRANVIA,201811,773411
METRO_LINEA_J,201811,403901
METRO_CUENCA_3,201811,616971
METRO_LINEA_K,201811,642780
METRO_CUENCA_6,201811,1220185
METRO_LINEA_B,201811,2208532
METRO_CUENCA_9_INTEGRADOS,201811,139483
METRO_LINEA_1_BUSES,201711,2046099
METRO_LINEA_2_BUSES,201711,329126
METRO_CUENCA_3,201711,615586
METRO_LINEA_H,201711,59289
METRO_LINEA_B,201711,2703267
METRO_LINEA_J,201711,432012
METRO_CUENCA_9_INTEGRADOS,201711,126932
METRO_LINEA_K,201711,636745
METRO_LINEA_L,201711,74700
METRO_TRANVIA,201711,674946
METRO_CUENCA_5_INTEGRADOS,201711,413201
METRO_CUENCA_6,201711,1036227
METRO_LINEA_A,201711,14791658
METRO_CUENCA_7_INTEGRADOS,201711,399708
METRO_LINEA_L,201611,68126
METRO_CUENCA_3,201611,563576
METRO_LINEA_2_BUSES,201611,328415
METRO_CUENCA_7_INTEGRADOS,201611,378563
METRO_TRANVIA,201611,413092
METRO_LINEA_K,201611,613028
METRO_LINEA_A,201611,15194187
METRO_LINEA_B,201611,2595602
METRO_LINEA_H,201611,0
METRO_CUENCA_6,201611,1050024
METRO_CUENCA_5_INTEGRADOS,201611,0
METRO_LINEA_J,201611,409257
METRO_LINEA_1_BUSES,201611,1996823
METRO_LINEA_B,201511,2469658
METRO_CUENCA_6,201511,994328
METRO_CUENCA_3,201511,519261
METRO_LINEA_K,201511,618303
METRO_LINEA_J,201511,420042
METRO_LINEA_1_BUSES,201511,1876598
METRO_LINEA_2_BUSES,201511,320606
METRO_LINEA_L,201511,73400
METRO_LINEA_A,201511,14881312
METRO_LINEA_L,201411,50904
METRO_LINEA_1_BUSES,201411,1782297
METRO_CUENCA_6,201411,872802
METRO_LINEA_K,201411,457103
METRO_LINEA_J,201411,364854
METRO_LINEA_2_BUSES,201411,334208
METRO_LINEA_B,201411,2306473
METRO_CUENCA_3,201411,455002
METRO_LINEA_A,201411,13573843
METRO_CUENCA_3,201311,70002
METRO_LINEA_B,201311,2208810
METRO_CUENCA_6,201311,68222
METRO_LINEA_A,201311,12990948
METRO_LINEA_K,201311,573924
METRO_LINEA_L,201311,62073
METRO_LINEA_J,201311,347354
METRO_LINEA_2_BUSES,201311,160376
METRO_LINEA_1_BUSES,201311,1373085
METRO_LINEA_J,201211,285364
METRO_LINEA_L,201211,65179
METRO_LINEA_K,201211,531304
METRO_LINEA_A,201211,11943062
METRO_LINEA_B,201211,2064561
METRO_LINEA_1_BUSES,201211,1021419
METRO_LINEA_J,201111,249783
METRO_LINEA_1_BUSES,201111,0
METRO_LINEA_A,201111,11400883
METRO_LINEA_L,201111,66532
METRO_LINEA_K,201111,530352
METRO_LINEA_B,201111,1970083
METRO_LINEA_1_BUSES,202010,1115596
METRO_LINEA_H,202010,37088
METRO_CUENCA_6,202010,890538
METRO_CUENCA_9_INTEGRADOS,202010,76996
METRO_TRANVIA,202010,443911
METRO_LINEA_L,202010,27740
METRO_LINEA_J,202010,258446
METRO_CUENCA_3,202010,403927
METRO_CUENCA_7_INTEGRADOS,202010,256841
METRO_LINEA_B,202010,1125329
METRO_CUENCA_5_INTEGRADOS,202010,214937
METRO_LINEA_A,202010,7491708
METRO_LINEA_K,202010,414380
METRO_LINEA_2_BUSES,202010,186242
METRO_LINEA_B,201910,2418604
METRO_CUENCA_7_INTEGRADOS,201910,507404
METRO_LINEA_H,201910,70186
METRO_CUENCA_6,201910,1431034
METRO_LINEA_K,201910,961791
METRO_CUENCA_3,201910,736049
METRO_TRANVIA,201910,903987
METRO_LINEA_A,201910,14711551
METRO_CUENCA_9_INTEGRADOS,201910,155895
METRO_LINEA_1_BUSES,201910,2209837
METRO_LINEA_J,201910,410846
METRO_CUENCA_5_INTEGRADOS,201910,533211
METRO_LINEA_2_BUSES,201910,342295
METRO_LINEA_L,201910,76791
METRO_LINEA_1_BUSES,201810,2243401
METRO_LINEA_L,201810,69740
METRO_LINEA_H,201810,65527
METRO_LINEA_J,201810,428801
METRO_LINEA_B,201810,2340270
METRO_LINEA_2_BUSES,201810,358549
METRO_LINEA_A,201810,14042117
METRO_CUENCA_7_INTEGRADOS,201810,465653
METRO_CUENCA_3,201810,670285
METRO_LINEA_K,201810,667959
METRO_CUENCA_6,201810,1304837
METRO_CUENCA_9_INTEGRADOS,201810,145005
METRO_TRANVIA,201810,828743
METRO_CUENCA_5_INTEGRADOS,201810,485386
METRO_CUENCA_5_INTEGRADOS,201710,424048
METRO_LINEA_L,201710,72443
METRO_LINEA_K,201710,642659
METRO_CUENCA_9_INTEGRADOS,201710,129066
METRO_LINEA_A,201710,15567420
METRO_LINEA_2_BUSES,201710,336269
METRO_LINEA_1_BUSES,201710,2119555
METRO_LINEA_J,201710,443270
METRO_CUENCA_3,201710,642348
METRO_CUENCA_6,201710,1092715
METRO_LINEA_H,201710,61217
METRO_TRANVIA,201710,669999
METRO_CUENCA_7_INTEGRADOS,201710,406003
METRO_LINEA_B,201710,2794918
METRO_LINEA_1_BUSES,201610,2059090
METRO_LINEA_2_BUSES,201610,338737
METRO_TRANVIA,201610,434404
METRO_CUENCA_7_INTEGRADOS,201610,379217
METRO_CUENCA_5_INTEGRADOS,201610,0
METRO_LINEA_K,201610,637260
METRO_LINEA_A,201610,15215438
METRO_CUENCA_3,201610,589609
METRO_CUENCA_6,201610,1103095
METRO_LINEA_J,201610,422982
METRO_LINEA_H,201610,0
METRO_LINEA_B,201610,2624743
METRO_LINEA_L,201610,77622
METRO_CUENCA_3,201510,570201
METRO_LINEA_2_BUSES,201510,348987
METRO_LINEA_J,201510,422395
METRO_LINEA_A,201510,15367531
METRO_LINEA_B,201510,2588079
METRO_CUENCA_6,201510,1071318
METRO_LINEA_K,201510,634265
METRO_LINEA_1_BUSES,201510,1965176
METRO_LINEA_L,201510,68698
METRO_CUENCA_6,201410,924596
METRO_LINEA_K,201410,604380
METRO_LINEA_L,201410,55807
METRO_LINEA_1_BUSES,201410,1878149
METRO_CUENCA_3,201410,494671
METRO_LINEA_2_BUSES,201410,365020
METRO_LINEA_J,201410,383101
METRO_LINEA_B,201410,2457612
METRO_LINEA_A,201410,14458862
METRO_LINEA_K,201310,589008
METRO_LINEA_A,201310,13548928
METRO_CUENCA_6,201310,1271
METRO_LINEA_1_BUSES,201310,1453615
METRO_LINEA_2_BUSES,201310,159941
METRO_CUENCA_3,201310,7200
METRO_LINEA_B,201310,2301295
METRO_LINEA_J,201310,359663
METRO_LINEA_L,201310,64556
METRO_LINEA_J,201210,297366
METRO_LINEA_A,201210,12455682
METRO_LINEA_B,201210,2183514
METRO_LINEA_L,201210,63329
METRO_LINEA_K,201210,568586
METRO_LINEA_1_BUSES,201210,1070447
METRO_LINEA_A,201110,11733842
METRO_LINEA_K,201110,564963
METRO_LINEA_L,201110,71958
METRO_LINEA_B,201110,2066289
METRO_LINEA_J,201110,267591
METRO_LINEA_1_BUSES,201110,0
METRO_CUENCA_9_INTEGRADOS,202001,118679
METRO_LINEA_K,202001,685965
METRO_TRANVIA,202001,760577
METRO_LINEA_A,202001,13105213
METRO_CUENCA_7_INTEGRADOS,202001,418345
METRO_CUENCA_3,202001,605370
METRO_LINEA_1_BUSES,202001,1895223
METRO_CUENCA_6,202001,1154096
METRO_CUENCA_5_INTEGRADOS,202001,377639
METRO_LINEA_2_BUSES,202001,303343
METRO_LINEA_L,202001,112473
METRO_LINEA_H,202001,63108
METRO_LINEA_J,202001,424420
METRO_LINEA_B,202001,2071895
METRO_CUENCA_7_INTEGRADOS,201901,408274
METRO_LINEA_K,201901,661502
METRO_CUENCA_5_INTEGRADOS,201901,399409
METRO_LINEA_2_BUSES,201901,316079
METRO_CUENCA_3,201901,598896
METRO_TRANVIA,201901,706097
METRO_LINEA_B,201901,1998443
METRO_LINEA_J,201901,394977
METRO_CUENCA_6,201901,1107675
METRO_LINEA_A,201901,12535604
METRO_CUENCA_9_INTEGRADOS,201901,121399
METRO_LINEA_1_BUSES,201901,1869841
METRO_LINEA_H,201901,60569
METRO_LINEA_L,201901,127279
METRO_CUENCA_6,201801,956004
METRO_CUENCA_3,201801,554229
METRO_LINEA_1_BUSES,201801,1831822
METRO_LINEA_B,201801,2169943
METRO_CUENCA_9_INTEGRADOS,201801,107738
METRO_LINEA_A,201801,13502214
METRO_LINEA_H,201801,47162
METRO_CUENCA_7_INTEGRADOS,201801,356622
METRO_LINEA_K,201801,651480
METRO_CUENCA_5_INTEGRADOS,201801,366202
METRO_LINEA_L,201801,130621
METRO_LINEA_J,201801,414478
METRO_LINEA_2_BUSES,201801,303527
METRO_TRANVIA,201801,639973
METRO_LINEA_A,201701,13569290
METRO_LINEA_L,201701,136987
METRO_CUENCA_5_INTEGRADOS,201701,322651
METRO_LINEA_2_BUSES,201701,307244
METRO_LINEA_K,201701,650615
METRO_CUENCA_3,201701,514763
METRO_LINEA_B,201701,2318271
METRO_LINEA_1_BUSES,201701,1790749
METRO_LINEA_J,201701,404560
METRO_TRANVIA,201701,494617
METRO_CUENCA_6,201701,928880
METRO_LINEA_H,201701,46440
METRO_CUENCA_7_INTEGRADOS,201701,346994
METRO_TRANVIA,201601,0
METRO_CUENCA_5_INTEGRADOS,201601,0
METRO_LINEA_B,201601,2175365
METRO_LINEA_K,201601,622499
METRO_LINEA_L,201601,134233
METRO_LINEA_A,201601,13219958
METRO_LINEA_J,201601,373947
METRO_LINEA_2_BUSES,201601,292859
METRO_CUENCA_6,201601,873973
METRO_CUENCA_7_INTEGRADOS,201601,47442
METRO_LINEA_1_BUSES,201601,1611116
METRO_LINEA_H,201601,0
METRO_CUENCA_3,201601,454014
METRO_LINEA_L,201501,118857
METRO_CUENCA_3,201501,419735
METRO_LINEA_1_BUSES,201501,1594309
METRO_LINEA_A,201501,12680744
METRO_LINEA_J,201501,364924
METRO_CUENCA_6,201501,797228
METRO_LINEA_K,201501,612375
METRO_LINEA_2_BUSES,201501,309668
METRO_LINEA_B,201501,2099776
METRO_LINEA_B,201401,1933935
METRO_LINEA_2_BUSES,201401,297319
METRO_LINEA_A,201401,11004939
METRO_LINEA_K,201401,587108
METRO_LINEA_J,201401,345444
METRO_CUENCA_6,201401,351219
METRO_CUENCA_3,201401,316701
METRO_LINEA_1_BUSES,201401,1522406
METRO_LINEA_L,201401,95939
METRO_CUENCA_6,201301,0
METRO_LINEA_2_BUSES,201301,0
METRO_LINEA_B,201301,1868187
METRO_LINEA_L,201301,111860
METRO_LINEA_A,201301,11089068
METRO_LINEA_K,201301,559307
METRO_CUENCA_3,201301,0
METRO_LINEA_J,201301,282826
METRO_LINEA_1_BUSES,201301,922144
METRO_LINEA_K,201201,565919
METRO_LINEA_1_BUSES,201201,583708
METRO_LINEA_B,201201,1845668
METRO_LINEA_L,201201,132501
METRO_LINEA_J,201201,258750
METRO_LINEA_A,201201,10856228
METRO_LINEA_1_BUSES,201101,0
METRO_LINEA_J,201101,227784
METRO_LINEA_L,201101,109644
METRO_LINEA_B,201101,1706614
METRO_LINEA_K,201101,529086
METRO_LINEA_A,201101,9939136
